https://usfca.qualtrics.com/ControlPanel/Graphic.php?IM=IM_0oZoy7y3IYYDb1A,https://usfca.qualtrics.com/ControlPanel/Graphic.php?IM=IM_5jOhAfT45yL0ofA,https://usfca.qualtrics.com/ControlPanel/Graphic.php?IM=IM_a49lOZhJk6NM6I6
https://usfca.qualtrics.com/ControlPanel/Graphic.php?IM=IM_6g0US9RqRfq1Ez4,https://usfca.qualtrics.com/ControlPanel/Graphic.php?IM=IM_eS6ILoT6Uxdvchg,https://usfca.qualtrics.com/ControlPanel/Graphic.php?IM=IM_7amMD71ypoemH8a
https://usfca.qualtrics.com/ControlPanel/Graphic.php?IM=IM_1B3SYxGzrGzuId0,https://usfca.qualtrics.com/ControlPanel/Graphic.php?IM=IM_9Mplh0i6Wajdqjc,https://usfca.qualtrics.com/ControlPanel/Graphic.php?IM=IM_0etmrP9h6x9LIH4
https://usfca.qualtrics.com/ControlPanel/Graphic.php?IM=IM_6mXa6PoOIOEvSgm,https://usfca.qualtrics.com/ControlPanel/Graphic.php?IM=IM_eqWaTH9dA3g50Wi,https://usfca.qualtrics.com/ControlPanel/Graphic.php?IM=IM_3VMVmCuw9bupSlM
https://usfca.qualtrics.com/ControlPanel/Graphic.php?IM=IM_eCIujpeaed9syx0,https://usfca.qualtrics.com/ControlPanel/Graphic.php?IM=IM_b8UtiBjITC1BCrc,https://usfca.qualtrics.com/ControlPanel/Graphic.php?IM=IM_cvYz3voYnig4iii
https://usfca.qualtrics.com/ControlPanel/Graphic.php?IM=IM_1CeZe0ELDpnfpaK,https://usfca.qualtrics.com/ControlPanel/Graphic.php?IM=IM_daGEfaOqr88XV3g,https://usfca.qualtrics.com/ControlPanel/Graphic.php?IM=IM_3l3mXStCiPsRPFA
https://usfca.qualtrics.com/ControlPanel/Graphic.php?IM=IM_cTltHTuJzVIpiQu,https://usfca.qualtrics.com/ControlPanel/Graphic.php?IM=IM_7Ogd1DYsrF1pCPY,https://usfca.qualtrics.com/ControlPanel/Graphic.php?IM=IM_cAVKeoDrLQBkvSm
https://usfca.qualtrics.com/ControlPanel/Graphic.php?IM=IM_cBJxFeIgIvVJNcy,https://usfca.qualtrics.com/ControlPanel/Graphic.php?IM=IM_3EhO9NRGYrnozdk,https://usfca.qualtrics.com/ControlPanel/Graphic.php?IM=IM_9QticD5QeDPb2DA
https://usfca.qualtrics.com/ControlPanel/Graphic.php?IM=IM_eJTqIVzYSXPtJ42,https://usfca.qualtrics.com/ControlPanel/Graphic.php?IM=IM_6tUzx8geUCG5XTw,https://usfca.qualtrics.com/ControlPanel/Graphic.php?IM=IM_6PCj5HG5J2LweXA
https://usfca.qualtrics.com/ControlPanel/Graphic.php?IM=IM_8idCNeZTwCDG10O,https://usfca.qualtrics.com/ControlPanel/Graphic.php?IM=IM_5762WWn3Tk3dLo2,https://usfca.qualtrics.com/ControlPanel/Graphic.php?IM=IM_6mX2SYz4oIYf98W
https://usfca.qualtrics.com/ControlPanel/Graphic.php?IM=IM_8et4MtjBxY2IWG2,https://usfca.qualtrics.com/ControlPanel/Graphic.php?IM=IM_9tsmsNzldAaOINU,https://usfca.qualtrics.com/ControlPanel/Graphic.php?IM=IM_6LtH9ZYqGMr6MCy
https://usfca.qualtrics.com/ControlPanel/Graphic.php?IM=IM_9uGi5g4D7ytFCce,https://usfca.qualtrics.com/ControlPanel/Graphic.php?IM=IM_816oVyrDnScx9bg,https://usfca.qualtrics.com/ControlPanel/Graphic.php?IM=IM_3wquP0KvbfZldqe
https://usfca.qualtrics.com/ControlPanel/Graphic.php?IM=IM_3OXC4919yk3ZSaa,https://usfca.qualtrics.com/ControlPanel/Graphic.php?IM=IM_5j0KtCmKiKGdVOu,https://usfca.qualtrics.com/ControlPanel/Graphic.php?IM=IM_bCyPVy6IqoyKt5Y
https://usfca.qualtrics.com/ControlPanel/Graphic.php?IM=IM_ekrh0Wjgk13DxvU,https://usfca.qualtrics.com/ControlPanel/Graphic.php?IM=IM_5uRtDm22USKvymi,https://usfca.qualtrics.com/ControlPanel/Graphic.php?IM=IM_4MBDTJwQt7MDbQG
https://usfca.qualtrics.com/ControlPanel/Graphic.php?IM=IM_0VuUooDJuaLNFye,https://usfca.qualtrics.com/ControlPanel/Graphic.php?IM=IM_5u2T54e7567tFVs,https://usfca.qualtrics.com/ControlPanel/Graphic.php?IM=IM_0VfWn0CRKdpWRh4
https://usfca.qualtrics.com/ControlPanel/Graphic.php?IM=IM_80SjOyEhnvys9lY,https://usfca.qualtrics.com/ControlPanel/Graphic.php?IM=IM_9ZxKkk4BcqFzgto,https://usfca.qualtrics.com/ControlPanel/Graphic.php?IM=IM_bmy7V6H3MpTNQJo
https://usfca.qualtrics.com/ControlPanel/Graphic.php?IM=IM_0H5TvaiFCWH9omW,https://usfca.qualtrics.com/ControlPanel/Graphic.php?IM=IM_0ewyxL1N4mfqLXM,https://usfca.qualtrics.com/ControlPanel/Graphic.php?IM=IM_erZVgpIlBennnRI
https://usfca.qualtrics.com/ControlPanel/Graphic.php?IM=IM_77CIssN6F3AmFgy,https://usfca.qualtrics.com/ControlPanel/Graphic.php?IM=IM_9mfJfOiOJtVlZzw,https://usfca.qualtrics.com/ControlPanel/Graphic.php?IM=IM_5j8hn4vOqMNB5j0
https://usfca.qualtrics.com/ControlPanel/Graphic.php?IM=IM_3lbXO1qibfHWJj8,https://usfca.qualtrics.com/ControlPanel/Graphic.php?IM=IM_cLTODaBw0v2vri6,https://usfca.qualtrics.com/ControlPanel/Graphic.php?IM=IM_0qxh19RRwh5Lo22
https://usfca.qualtrics.com/ControlPanel/Graphic.php?IM=IM_eM2JeDk7L2VKVBs,https://usfca.qualtrics.com/ControlPanel/Graphic.php?IM=IM_1I9GyuTIDTrt8ua,https://usfca.qualtrics.com/ControlPanel/Graphic.php?IM=IM_0JJHmucNkStJ47I
https://usfca.qualtrics.com/ControlPanel/Graphic.php?IM=IM_0GNMGvTGuIsZ0pM,https://usfca.qualtrics.com/ControlPanel/Graphic.php?IM=IM_b2evb8kqhYwqMe2,https://usfca.qualtrics.com/ControlPanel/Graphic.php?IM=IM_blp2JZWvV1KUD78
https://usfca.qualtrics.com/ControlPanel/Graphic.php?IM=IM_9FAqINe1dGgHp6m,https://usfca.qualtrics.com/ControlPanel/Graphic.php?IM=IM_3eKbRx11BJIMSR8,https://usfca.qualtrics.com/ControlPanel/Graphic.php?IM=IM_9BosynYdus3mYBM
https://usfca.qualtrics.com/ControlPanel/Graphic.php?IM=IM_3P3gFndvdyQpFLo,https://usfca.qualtrics.com/ControlPanel/Graphic.php?IM=IM_4HnXwCcquZ2AXKC,https://usfca.qualtrics.com/ControlPanel/Graphic.php?IM=IM_ahINHZq1asLJ3Js
https://usfca.qualtrics.com/ControlPanel/Graphic.php?IM=IM_3P3gFndvdyQpFLo,https://usfca.qualtrics.com/ControlPanel/Graphic.php?IM=IM_0HvLUsTSiRMjg6q,https://usfca.qualtrics.com/ControlPanel/Graphic.php?IM=IM_cHj2Df0LFmky4bI
https://usfca.qualtrics.com/ControlPanel/Graphic.php?IM=IM_1ZiiUKK6yV7cuxM,https://usfca.qualtrics.com/ControlPanel/Graphic.php?IM=IM_1HNk0vFfmL7d2Zw,https://usfca.qualtrics.com/ControlPanel/Graphic.php?IM=IM_57neBtfkeTOlHOS
https://usfca.qualtrics.com/ControlPanel/Graphic.php?IM=IM_6mJIkxiIvUDZ6rI,https://usfca.qualtrics.com/ControlPanel/Graphic.php?IM=IM_4NGv0zgYXZOahN4,https://usfca.qualtrics.com/ControlPanel/Graphic.php?IM=IM_9H93ocRQucrPerY
https://usfca.qualtrics.com/ControlPanel/Graphic.php?IM=IM_7NFIuJI15ZBaXoW,https://usfca.qualtrics.com/ControlPanel/Graphic.php?IM=IM_cub9ztp44UCHfQW,https://usfca.qualtrics.com/ControlPanel/Graphic.php?IM=IM_1yUH0RU4fPqE0m2
https://usfca.qualtrics.com/ControlPanel/Graphic.php?IM=IM_4NJTzayJhBbDFwq,https://usfca.qualtrics.com/ControlPanel/Graphic.php?IM=IM_0ceetEZEywL7Wce,https://usfca.qualtrics.com/ControlPanel/Graphic.php?IM=IM_bILw2QbAGHMW5rE
https://usfca.qualtrics.com/ControlPanel/Graphic.php?IM=IM_3jHYWEeRKKXyHLE,https://usfca.qualtrics.com/ControlPanel/Graphic.php?IM=IM_3z2fWWQndcxHC2a,https://usfca.qualtrics.com/ControlPanel/Graphic.php?IM=IM_dm1XeSQZg5qx6PI
https://usfca.qualtrics.com/ControlPanel/Graphic.php?IM=IM_eeZ9slr0X2wVWD4,https://usfca.qualtrics.com/ControlPanel/Graphic.php?IM=IM_cGDuVZZMiYM30d8,https://usfca.qualtrics.com/ControlPanel/Graphic.php?IM=IM_d1oqxWSvzE3BjTM
https://usfca.qualtrics.com/ControlPanel/Graphic.php?IM=IM_3C5NMlxm8rzxWCO,https://usfca.qualtrics.com/ControlPanel/Graphic.php?IM=IM_eQhvb0dpw5Pholo,https://usfca.qualtrics.com/ControlPanel/Graphic.php?IM=IM_3pUZ3EbsHooihO6
https://usfca.qualtrics.com/ControlPanel/Graphic.php?IM=IM_0VAwwHGYyAQKmJ8,https://usfca.qualtrics.com/ControlPanel/Graphic.php?IM=IM_20ozwntxqhXv7L0,https://usfca.qualtrics.com/ControlPanel/Graphic.php?IM=IM_2iywyJWSeCcKgUS
https://usfca.qualtrics.com/ControlPanel/Graphic.php?IM=IM_bfGxGvmZaxnZki2,https://usfca.qualtrics.com/ControlPanel/Graphic.php?IM=IM_ba4s04YtRjIKHUG,https://usfca.qualtrics.com/ControlPanel/Graphic.php?IM=IM_ctDaf8T7BflmcCO
https://usfca.qualtrics.com/ControlPanel/Graphic.php?IM=IM_56eYAnCzxCDa5oi,https://usfca.qualtrics.com/ControlPanel/Graphic.php?IM=IM_a31J2HQfBMVDFGK,https://usfca.qualtrics.com/ControlPanel/Graphic.php?IM=IM_4GCy7kJuuovSn42
https://usfca.qualtrics.com/ControlPanel/Graphic.php?IM=IM_8wdVBZHq5mzLuPc,https://usfca.qualtrics.com/ControlPanel/Graphic.php?IM=IM_cMZMRqaT92AMFG6,https://usfca.qualtrics.com/ControlPanel/Graphic.php?IM=IM_4Ntv2M1YhXMiwpU
https://usfca.qualtrics.com/ControlPanel/Graphic.php?IM=IM_3dZkmtVrXMgtoCG,https://usfca.qualtrics.com/ControlPanel/Graphic.php?IM=IM_eKcv29wEbhkqmfc,https://usfca.qualtrics.com/ControlPanel/Graphic.php?IM=IM_dg1TyvTFBkiAzpY
https://usfca.qualtrics.com/ControlPanel/Graphic.php?IM=IM_0Ik3IH0Q5AQgOjQ,https://usfca.qualtrics.com/ControlPanel/Graphic.php?IM=IM_ebd20IzNBfn43bM,https://usfca.qualtrics.com/ControlPanel/Graphic.php?IM=IM_3vZ8A1jFvPS0R8i
https://usfca.qualtrics.com/ControlPanel/Graphic.php?IM=IM_0rdIs4Qjye8CANo,https://usfca.qualtrics.com/ControlPanel/Graphic.php?IM=IM_eCGzafLKKSbuZYq,https://usfca.qualtrics.com/ControlPanel/Graphic.php?IM=IM_57PqAfHYvtUt618
https://usfca.qualtrics.com/ControlPanel/Graphic.php?IM=IM_0Pce060bcvvBn1k,https://usfca.qualtrics.com/ControlPanel/Graphic.php?IM=IM_5AZdQaVNfYtNBem,https://usfca.qualtrics.com/ControlPanel/Graphic.php?IM=IM_0MMqG8mXr87qdNA
https://usfca.qualtrics.com/ControlPanel/Graphic.php?IM=IM_43cNdyGJ6ucE7C6,https://usfca.qualtrics.com/ControlPanel/Graphic.php?IM=IM_5AdF8mUtLfWYo6y,https://usfca.qualtrics.com/ControlPanel/Graphic.php?IM=IM_6WOaQvEbCKreW2O
https://usfca.qualtrics.com/ControlPanel/Graphic.php?IM=IM_ezeQsHKEPvcSQhU,https://usfca.qualtrics.com/ControlPanel/Graphic.php?IM=IM_cwqbs79dAXruQ5M,https://usfca.qualtrics.com/ControlPanel/Graphic.php?IM=IM_4PaJo1LribOAY6i
https://usfca.qualtrics.com/ControlPanel/Graphic.php?IM=IM_7Nxo95I9Hltaefs,https://usfca.qualtrics.com/ControlPanel/Graphic.php?IM=IM_3OTtMZ3OmWHJTb8,https://usfca.qualtrics.com/ControlPanel/Graphic.php?IM=IM_8exc0ZobIkU72fA
https://usfca.qualtrics.com/ControlPanel/Graphic.php?IM=IM_9ohvs4UuAus1nrU,https://usfca.qualtrics.com/ControlPanel/Graphic.php?IM=IM_b3E4RcRNmo5j9xY,https://usfca.qualtrics.com/ControlPanel/Graphic.php?IM=IM_6DPlByk2oPDfYzk
https://usfca.qualtrics.com/ControlPanel/Graphic.php?IM=IM_8dpCqgrdoA1Seai,https://usfca.qualtrics.com/ControlPanel/Graphic.php?IM=IM_eeudHI084qRd65w,https://usfca.qualtrics.com/ControlPanel/Graphic.php?IM=IM_0MKJ0zShbhI9rgO
https://usfca.qualtrics.com/ControlPanel/Graphic.php?IM=IM_4HmnIapAn2lGk18,https://usfca.qualtrics.com/ControlPanel/Graphic.php?IM=IM_0URnLK8E2tXnJHw,https://usfca.qualtrics.com/ControlPanel/Graphic.php?IM=IM_eVRG6dPyFBnODFc
https://usfca.qualtrics.com/ControlPanel/Graphic.php?IM=IM_3HMsYcn84bV4png,https://usfca.qualtrics.com/ControlPanel/Graphic.php?IM=IM_9BkQJNOqBeuOnki,https://usfca.qualtrics.com/ControlPanel/Graphic.php?IM=IM_9KUdL18VqI4yTTU
https://usfca.qualtrics.com/ControlPanel/Graphic.php?IM=IM_2gw5IF8IJ5Bhp1c,https://usfca.qualtrics.com/ControlPanel/Graphic.php?IM=IM_cO7T6Wek21dK5Gm,https://usfca.qualtrics.com/ControlPanel/Graphic.php?IM=IM_3IBS2XDcjwo7YO2
https://usfca.qualtrics.com/ControlPanel/Graphic.php?IM=IM_6my4x9DCf1LEeDs,https://usfca.qualtrics.com/ControlPanel/Graphic.php?IM=IM_6PEJKgHdak3Z3OC,https://usfca.qualtrics.com/ControlPanel/Graphic.php?IM=IM_1Hd5W8zChLNCQx8
https://usfca.qualtrics.com/ControlPanel/Graphic.php?IM=IM_9yjGPm6AG92HfzU,https://usfca.qualtrics.com/ControlPanel/Graphic.php?IM=IM_cO8NpqiYs33mu22,https://usfca.qualtrics.com/ControlPanel/Graphic.php?IM=IM_eQg1cDY6wiQwjIy
https://usfca.qualtrics.com/ControlPanel/Graphic.php?IM=IM_8qRvqjMkK4tzSey,https://usfca.qualtrics.com/ControlPanel/Graphic.php?IM=IM_0fG74Daev5KlQkm,https://usfca.qualtrics.com/ControlPanel/Graphic.php?IM=IM_ernqnmYmbjlTTtY
https://usfca.qualtrics.com/ControlPanel/Graphic.php?IM=IM_8DgokNAdvBQSqXQ,https://usfca.qualtrics.com/ControlPanel/Graphic.php?IM=IM_2mceGffZCxiZ18a,https://usfca.qualtrics.com/ControlPanel/Graphic.php?IM=IM_emwb6xXsdrvDMnI
https://usfca.qualtrics.com/ControlPanel/Graphic.php?IM=IM_b9DSNlpFDNDDgqO,https://usfca.qualtrics.com/ControlPanel/Graphic.php?IM=IM_d3UQ6O1qD9OlCGW,https://usfca.qualtrics.com/ControlPanel/Graphic.php?IM=IM_bNj17Ym1pfvEDZA
https://usfca.qualtrics.com/ControlPanel/Graphic.php?IM=IM_aWSejICNpoauk1o,https://usfca.qualtrics.com/ControlPanel/Graphic.php?IM=IM_6WiwcDoRdSv0UhE,https://usfca.qualtrics.com/ControlPanel/Graphic.php?IM=IM_3szUMl4EDnsuiBE
https://usfca.qualtrics.com/ControlPanel/Graphic.php?IM=IM_1Bp3jtgD3JrJiwC,https://usfca.qualtrics.com/ControlPanel/Graphic.php?IM=IM_8AG8zxuUDNikjUq,https://usfca.qualtrics.com/ControlPanel/Graphic.php?IM=IM_9tSNDjSsoFYYblk
https://usfca.qualtrics.com/ControlPanel/Graphic.php?IM=IM_cHHFNzYlWmy1Jt4,https://usfca.qualtrics.com/ControlPanel/Graphic.php?IM=IM_796FKcbxeEBLlAO,https://usfca.qualtrics.com/ControlPanel/Graphic.php?IM=IM_3JXcjzoL4hV590G
https://usfca.qualtrics.com/ControlPanel/Graphic.php?IM=IM_cGxAITBDMC30qEe,https://usfca.qualtrics.com/ControlPanel/Graphic.php?IM=IM_2n5KL0jYkpUNsIC,https://usfca.qualtrics.com/ControlPanel/Graphic.php?IM=IM_8dZwbtjlOro0ATk
https://usfca.qualtrics.com/ControlPanel/Graphic.php?IM=IM_cGYg7UYWZAlViiG,https://usfca.qualtrics.com/ControlPanel/Graphic.php?IM=IM_eaGpEPbJaPBr7AG,https://usfca.qualtrics.com/ControlPanel/Graphic.php?IM=IM_6AmmSqBCfUAaG7c
https://usfca.qualtrics.com/ControlPanel/Graphic.php?IM=IM_3mURHyOE394Xvzo,https://usfca.qualtrics.com/ControlPanel/Graphic.php?IM=IM_egtuEvBZysFIGEe,https://usfca.qualtrics.com/ControlPanel/Graphic.php?IM=IM_afNRaQrc6syhvFk
https://usfca.qualtrics.com/ControlPanel/Graphic.php?IM=IM_86x1VpwFJTLhvq6,https://usfca.qualtrics.com/ControlPanel/Graphic.php?IM=IM_9TS5QhLLOJ3EqTc,https://usfca.qualtrics.com/ControlPanel/Graphic.php?IM=IM_6Xpfbn1h1cw9x6C
https://usfca.qualtrics.com/ControlPanel/Graphic.php?IM=IM_8cyBw5zWiJ4Tki2,https://usfca.qualtrics.com/ControlPanel/Graphic.php?IM=IM_8uC7opc2dG2wNls,https://usfca.qualtrics.com/ControlPanel/Graphic.php?IM=IM_9XJ3hKYdBUNliM6
https://usfca.qualtrics.com/ControlPanel/Graphic.php?IM=IM_b15GTCcrWBlHytM,https://usfca.qualtrics.com/ControlPanel/Graphic.php?IM=IM_cUw6jNESYED0O3A,https://usfca.qualtrics.com/ControlPanel/Graphic.php?IM=IM_1IgGpjYdi0sIbDo
https://usfca.qualtrics.com/ControlPanel/Graphic.php?IM=IM_8dDBLFv3Jl6GTxc,https://usfca.qualtrics.com/ControlPanel/Graphic.php?IM=IM_b79H3wDwTgqyOZU,https://usfca.qualtrics.com/ControlPanel/Graphic.php?IM=IM_b2cH3KQyaW5ilfw
https://usfca.qualtrics.com/ControlPanel/Graphic.php?IM=IM_cHZtK0RaUe0uTga,https://usfca.qualtrics.com/ControlPanel/Graphic.php?IM=IM_b75Malf9KkgSPHg,https://usfca.qualtrics.com/ControlPanel/Graphic.php?IM=IM_1IkL8Xa0eF9Qfzg
https://usfca.qualtrics.com/ControlPanel/Graphic.php?IM=IM_9AbBmGUEFGmCl2m,https://usfca.qualtrics.com/ControlPanel/Graphic.php?IM=IM_8w7WpqnkJjCvPRI,https://usfca.qualtrics.com/ControlPanel/Graphic.php?IM=IM_4OQtr8W393X3svI
https://usfca.qualtrics.com/ControlPanel/Graphic.php?IM=IM_5o6LtTj84BXxpzM,https://usfca.qualtrics.com/ControlPanel/Graphic.php?IM=IM_blOLMXQGFpAV0eq,https://usfca.qualtrics.com/ControlPanel/Graphic.php?IM=IM_0GMA2MLnumyKxzE
https://usfca.qualtrics.com/ControlPanel/Graphic.php?IM=IM_bJZxMf58ncCfOWq,https://usfca.qualtrics.com/ControlPanel/Graphic.php?IM=IM_bE0sUtazhdNclNk,https://usfca.qualtrics.com/ControlPanel/Graphic.php?IM=IM_71WqsnFJfPbXt7U
https://usfca.qualtrics.com/ControlPanel/Graphic.php?IM=IM_9BjMQ9cB2qynQJU,https://usfca.qualtrics.com/ControlPanel/Graphic.php?IM=IM_3JXkyGGuDHA3LZc,https://usfca.qualtrics.com/ControlPanel/Graphic.php?IM=IM_20jZTe54bvvVM5o
https://usfca.qualtrics.com/ControlPanel/Graphic.php?IM=IM_baqs4YQcudTkHYO,https://usfca.qualtrics.com/ControlPanel/Graphic.php?IM=IM_e5U6X084x163TEy,https://usfca.qualtrics.com/ControlPanel/Graphic.php?IM=IM_7418kYIYa9Q5B8q
https://usfca.qualtrics.com/ControlPanel/Graphic.php?IM=IM_bCLwVhW1AM5PEhw,https://usfca.qualtrics.com/ControlPanel/Graphic.php?IM=IM_7TVGbUPAVNM69oO,https://usfca.qualtrics.com/ControlPanel/Graphic.php?IM=IM_4GcGsTQdMwyWZ5s
https://usfca.qualtrics.com/ControlPanel/Graphic.php?IM=IM_5bPvRECzlqpQvK6,https://usfca.qualtrics.com/ControlPanel/Graphic.php?IM=IM_07KnIO75FmVedIq,https://usfca.qualtrics.com/ControlPanel/Graphic.php?IM=IM_3UZ1EHILCkAdxlA
https://usfca.qualtrics.com/ControlPanel/Graphic.php?IM=IM_cT2v6nhDoG57kCW,https://usfca.qualtrics.com/ControlPanel/Graphic.php?IM=IM_0PQtk9C76WM9pKm,https://usfca.qualtrics.com/ControlPanel/Graphic.php?IM=IM_a46dTxe1IRIP83Q
https://usfca.qualtrics.com/ControlPanel/Graphic.php?IM=IM_eLgk3dsUP4IVEy2,https://usfca.qualtrics.com/ControlPanel/Graphic.php?IM=IM_7X8LqgjGIKDb1nE,https://usfca.qualtrics.com/ControlPanel/Graphic.php?IM=IM_cuN5C3DRt3PjThA
https://usfca.qualtrics.com/ControlPanel/Graphic.php?IM=IM_cCQcEH70YczN4k6,https://usfca.qualtrics.com/ControlPanel/Graphic.php?IM=IM_0OsaPf00YVpOVKK,https://usfca.qualtrics.com/ControlPanel/Graphic.php?IM=IM_8ofn4gwD2875dQ2
https://usfca.qualtrics.com/ControlPanel/Graphic.php?IM=IM_2gWuqWaHouc2ZUy,https://usfca.qualtrics.com/ControlPanel/Graphic.php?IM=IM_4YrS8UW8qxP67zw,https://usfca.qualtrics.com/ControlPanel/Graphic.php?IM=IM_6xwThMVfERZQRhk
https://usfca.qualtrics.com/ControlPanel/Graphic.php?IM=IM_5bebqYmOMdTrHqC,https://usfca.qualtrics.com/ControlPanel/Graphic.php?IM=IM_82GOVv1eW0S5LzE,https://usfca.qualtrics.com/ControlPanel/Graphic.php?IM=IM_a9Jxpj6zw1qejOu
https://usfca.qualtrics.com/ControlPanel/Graphic.php?IM=IM_8ByPizsjAY4Tfym,https://usfca.qualtrics.com/ControlPanel/Graphic.php?IM=IM_7OtLp31JDIAsVBs,https://usfca.qualtrics.com/ControlPanel/Graphic.php?IM=IM_4HlWy2eEfZoIxCu
https://usfca.qualtrics.com/ControlPanel/Graphic.php?IM=IM_5uykHGIs0hm9BLE,https://usfca.qualtrics.com/ControlPanel/Graphic.php?IM=IM_3XkfHexbiIfdlUG,https://usfca.qualtrics.com/ControlPanel/Graphic.php?IM=IM_djaqZG8IsXQ3RmC
https://usfca.qualtrics.com/ControlPanel/Graphic.php?IM=IM_5vXg0PUQx3UsMwm,https://usfca.qualtrics.com/ControlPanel/Graphic.php?IM=IM_br9KFzifAgumODI,https://usfca.qualtrics.com/ControlPanel/Graphic.php?IM=IM_bPBP3na4DVmvzLw
https://usfca.qualtrics.com/ControlPanel/Graphic.php?IM=IM_6XPDXeOK8quAaXA,https://usfca.qualtrics.com/ControlPanel/Graphic.php?IM=IM_bg9PObGGa9fx530,https://usfca.qualtrics.com/ControlPanel/Graphic.php?IM=IM_5Au6w2JyYE7VwsC
https://usfca.qualtrics.com/ControlPanel/Graphic.php?IM=IM_cIUnpmSzKUvdKZg,https://usfca.qualtrics.com/ControlPanel/Graphic.php?IM=IM_6ybqt1VHTOGNpHM,https://usfca.qualtrics.com/ControlPanel/Graphic.php?IM=IM_79WgNIGMFryj12K
https://usfca.qualtrics.com/ControlPanel/Graphic.php?IM=IM_0H4wL0NYuH65A90,https://usfca.qualtrics.com/ControlPanel/Graphic.php?IM=IM_2ieafNkT0bB3tu6,https://usfca.qualtrics.com/ControlPanel/Graphic.php?IM=IM_7PAKy8SzNDIji7k
https://usfca.qualtrics.com/ControlPanel/Graphic.php?IM=IM_eOHHsviT1kZTTg2,https://usfca.qualtrics.com/ControlPanel/Graphic.php?IM=IM_1HUh2V8K0nZHTUi,https://usfca.qualtrics.com/ControlPanel/Graphic.php?IM=IM_0iI2Ctb2cnqBq4u
https://usfca.qualtrics.com/ControlPanel/Graphic.php?IM=IM_2hREEPZjbD7xad0,https://usfca.qualtrics.com/ControlPanel/Graphic.php?IM=IM_eLiKDYwWwSb1wYC,https://usfca.qualtrics.com/ControlPanel/Graphic.php?IM=IM_9ThjAJwG75rPvGS